{
  "Ansi 5 Color" : {
    "Green Component" : 0.7128009796142578,
    "Blue Component" : 0.9893276691436768,
    "Red Component" : 0.7272258400917053
  },
  "Tags" : [

  ],
  "Ansi 12 Color" : {
    "Green Component" : 0.796078431372549,
    "Blue Component" : 0.996078431372549,
    "Red Component" : 0.5882352941176471
  },
  "Use Non-ASCII Font" : false,
  "Right Option Key Sends" : 0,
  "Bold Color" : {
    "Green Component" : 0.7843137254901961,
    "Blue Component" : 0.7764705882352941,
    "Red Component" : 0.7725490196078432
  },
  "Normal Font" : "Monofur 18",
  "Ansi 1 Color" : {
    "Green Component" : 0.3725490196,
    "Blue Component" : 0.9450980392,
    "Red Component" : 0.9921568627
  },
  "Ansi 3 Color" : {
    "Green Component" : 0.8431372549019608,
    "Blue Component" : 0.6941176470588235,
    "Red Component" : 1
  },
  "Rows" : 25,
  "Default Bookmark" : "No",
  "Ansi 2 Color" : {
    "Green Component" : 0.7647058823529411,
    "Blue Component" : 0.5411764705882353,
    "Red Component" : 0.5294117647058824
  },
  "AWDS Tab Option" : "Recycle",
  "Cursor Guide Color" : {
    "Red Component" : 0.65,
    "Color Space" : "Calibrated",
    "Blue Component" : 1,
    "Alpha Component" : 0.25,
    "Green Component" : 0.91
  },
  "Non-ASCII Anti Aliased" : true,
  "Use Bright Bold" : true,
  "Ansi 10 Color" : {
    "Green Component" : 0.9788520932197571,
    "Blue Component" : 0.2121328264474869,
    "Red Component" : 0.5818355083465576
  },
  "Ambiguous Double Width" : false,
  "AWDS Pane Option" : "Recycle",
  "Jobs to Ignore" : [
    "rlogin",
    "ssh",
    "slogin",
    "telnet"
  ],
  "Ansi 15 Color" : {
    "Green Component" : 0.8780335187911987,
    "Blue Component" : 0.8780484199523926,
    "Red Component" : 0.8780598044395447
  },
  "Foreground Color" : {
    "Green Component" : 0.7843137254901961,
    "Blue Component" : 0.7764705882352941,
    "Red Component" : 0.7725490196078432
  },
  "Working Directory" : "\/Users\/julio",
  "Blinking Cursor" : false,
  "AWDS Window Option" : "No",
  "Sync Title" : false,
  "Prompt Before Closing 2" : false,
  "BM Growl" : true,
  "Command" : "",
  "Description" : "Default",
  "AWDS Pane Directory" : "",
  "Disable Window Resizing" : true,
  "Screen" : -1,
  "Selection Color" : {
    "Green Component" : 0.2666666666666667,
    "Blue Component" : 0.2666666666666667,
    "Red Component" : 0.2666666666666667
  },
  "Mouse Reporting" : true,
  "AWDS Window Directory" : "",
  "Columns" : 80,
  "Idle Code" : 0,
  "Ansi 13 Color" : {
    "Green Component" : 0.7128009796142578,
    "Blue Component" : 0.9893276691436768,
    "Red Component" : 0.7272258400917053
  },
  "Custom Command" : "No",
  "ASCII Anti Aliased" : true,
  "Non Ascii Font" : "Monaco 12",
  "Vertical Spacing" : 1.5,
  "Use Bold Font" : true,
  "Option Key Sends" : 0,
  "Selected Text Color" : {
    "Green Component" : 0.7843137254901961,
    "Blue Component" : 0.7764705882352941,
    "Red Component" : 0.7725490196078432
  },
  "Background Color" : {
    "Green Component" : 0.09214270114898682,
    "Blue Component" : 0.09770775586366653,
    "Red Component" : 0.08693759888410568
  },
  "Character Encoding" : 4,
  "Ansi 11 Color" : {
    "Green Component" : 1,
    "Blue Component" : 0.6569250226020813,
    "Red Component" : 0.9622171521186829
  },
  "Use Italic Font" : true,
  "Unlimited Scrollback" : true,
  "Keyboard Map" : {
    "0xf700-0x260000" : {
      "Action" : 10,
      "Text" : "[1;6A"
    },
    "0x37-0x40000" : {
      "Action" : 11,
      "Text" : "0x1f"
    },
    "0x32-0x40000" : {
      "Action" : 11,
      "Text" : "0x00"
    },
    "0xf709-0x20000" : {
      "Action" : 10,
      "Text" : "[17;2~"
    },
    "0xf70c-0x20000" : {
      "Action" : 10,
      "Text" : "[20;2~"
    },
    "0xf729-0x20000" : {
      "Action" : 10,
      "Text" : "[1;2H"
    },
    "0xf72b-0x40000" : {
      "Action" : 10,
      "Text" : "[1;5F"
    },
    "0xf705-0x20000" : {
      "Action" : 10,
      "Text" : "[1;2Q"
    },
    "0xf703-0x260000" : {
      "Action" : 10,
      "Text" : "[1;6C"
    },
    "0xf700-0x220000" : {
      "Action" : 10,
      "Text" : "[1;2A"
    },
    "0xf701-0x280000" : {
      "Action" : 11,
      "Text" : "0x1b 0x1b 0x5b 0x42"
    },
    "0x38-0x40000" : {
      "Action" : 11,
      "Text" : "0x7f"
    },
    "0x33-0x40000" : {
      "Action" : 11,
      "Text" : "0x1b"
    },
    "0xf703-0x220000" : {
      "Action" : 10,
      "Text" : "[1;2C"
    },
    "0xf701-0x240000" : {
      "Action" : 10,
      "Text" : "[1;5B"
    },
    "0xf70d-0x20000" : {
      "Action" : 10,
      "Text" : "[21;2~"
    },
    "0xf702-0x260000" : {
      "Action" : 10,
      "Text" : "[1;6D"
    },
    "0xf729-0x40000" : {
      "Action" : 10,
      "Text" : "[1;5H"
    },
    "0xf706-0x20000" : {
      "Action" : 10,
      "Text" : "[1;2R"
    },
    "0x34-0x40000" : {
      "Action" : 11,
      "Text" : "0x1c"
    },
    "0xf700-0x280000" : {
      "Action" : 11,
      "Text" : "0x1b 0x1b 0x5b 0x41"
    },
    "0x7f-0x0" : {
      "Text" : "",
      "Action" : 16
    },
    "0x2d-0x40000" : {
      "Action" : 11,
      "Text" : "0x1f"
    },
    "0xf70e-0x20000" : {
      "Action" : 10,
      "Text" : "[23;2~"
    },
    "0xf702-0x220000" : {
      "Action" : 10,
      "Text" : "[1;2D"
    },
    "0xf703-0x280000" : {
      "Action" : 11,
      "Text" : "0x1b 0x1b 0x5b 0x43"
    },
    "0xf700-0x240000" : {
      "Action" : 10,
      "Text" : "[1;5A"
    },
    "0xf707-0x20000" : {
      "Action" : 10,
      "Text" : "[1;2S"
    },
    "0xf70a-0x20000" : {
      "Action" : 10,
      "Text" : "[18;2~"
    },
    "0x35-0x40000" : {
      "Action" : 11,
      "Text" : "0x1d"
    },
    "0xf70f-0x20000" : {
      "Action" : 10,
      "Text" : "[24;2~"
    },
    "0xf703-0x240000" : {
      "Action" : 10,
      "Text" : "[1;5C"
    },
    "0x7f-0x80000" : {
      "Text" : "0x17",
      "Action" : 11
    },
    "0xf701-0x260000" : {
      "Action" : 10,
      "Text" : "[1;6B"
    },
    "0xf702-0x280000" : {
      "Action" : 11,
      "Text" : "0x1b 0x1b 0x5b 0x44"
    },
    "0xf72b-0x20000" : {
      "Action" : 10,
      "Text" : "[1;2F"
    },
    "0x36-0x40000" : {
      "Action" : 11,
      "Text" : "0x1e"
    },
    "0xf708-0x20000" : {
      "Action" : 10,
      "Text" : "[15;2~"
    },
    "0xf701-0x220000" : {
      "Action" : 10,
      "Text" : "[1;2B"
    },
    "0xf70b-0x20000" : {
      "Action" : 10,
      "Text" : "[19;2~"
    },
    "0xf702-0x240000" : {
      "Action" : 10,
      "Text" : "[1;5D"
    },
    "0xf704-0x20000" : {
      "Action" : 10,
      "Text" : "[1;2P"
    }
  },
  "Window Type" : 0,
  "Semantic History" : {
    "editor" : "com.sublimetext.3",
    "action" : "best editor",
    "text" : ""
  },
  "Background Image Location" : "",
  "Blur" : false,
  "Badge Color" : {
    "Red Component" : 1,
    "Color Space" : "Calibrated",
    "Blue Component" : 0,
    "Alpha Component" : 0.5,
    "Green Component" : 0
  },
  "Scrollback Lines" : 1000,
  "Send Code When Idle" : false,
  "Close Sessions On End" : true,
  "Terminal Type" : "xterm-256color",
  "Visual Bell" : true,
  "Flashing Bell" : false,
  "Silence Bell" : false,
  "Ansi 14 Color" : {
    "Green Component" : 0.7456039786338806,
    "Blue Component" : 0.9940510988235474,
    "Red Component" : 0.5230981707572937
  },
  "Name" : "Julio",
  "Cursor Text Color" : {
    "Green Component" : 0.08235294371843338,
    "Blue Component" : 0.08235294371843338,
    "Red Component" : 0.08235294371843338
  },
  "Shortcut" : "",
  "Cursor Color" : {
    "Green Component" : 0.8156862854957581,
    "Blue Component" : 0.8156862854957581,
    "Red Component" : 0.8156862854957581
  },
  "Transparency" : 0,
  "Guid" : "5B1B2397-3B6D-4B0C-8EDB-301DFFF700DE",
  "Custom Directory" : "Advanced",
  "Horizontal Spacing" : 1,
  "Ansi 4 Color" : {
    "Green Component" : 0.7456039786338806,
    "Blue Component" : 0.9940510988235474,